<?xml version="1.0" encoding="UTF-8"?>
<Login>
	<Users>
		<!-- One of more -->
		<User>
			<id>1001</id>
			<user-name>pladadmin</user-name>
			<first-name>Member Plan Advisor</first-name>
			<last-name>Admin User</last-name>
			<email-address>none@carefirst.com</email-address>
			<member-of>
				<!-- One of more -->
				<group-id>9002</group-id>
				<group-id>9003</group-id>
			</member-of>
		</User>
		<User>
			<id>1002</id>
			<user-name>member1</user-name>
			<first-name>Member</first-name>
			<last-name>User One</last-name>
			<email-address>none@carefirst.com</email-address>
			<member-of>
				<!-- One of more -->
				<group-id>9001</group-id>
			</member-of>
		</User>
	</Users>
	<Groups>
		<!-- One of more -->
		<Group>
			<id>9001</id>
			<display-name>Member</display-name>
			<name>MOS_Member</name>
		</Group>
		<Group>
			<id>9002</id>
			<display-name>Member Admin</display-name>
			<name>memberadmin_users</name>
		</Group>
		<Group>
			<id>9003</id>
			<display-name>Member Plan Advisor Admin</display-name>
			<name>PlanAdvisor_Admin</name>
		</Group>
	</Groups>
</Login>